,2019-01-28 15:21:25
No.,Coin,Symbol
1,Bitcoin,BTC
2,XRP,XRP
3,Ethereum,ETH
4,EOS,EOS
5,Tether,USDT
6,Bitcoin Cash,BCH
7,Litecoin,LTC
8,TRON,TRX
9,Stellar,XLM
10,Bitcoin SV,BSV
11,Cardano,ADA
12,Binance Coin,BNB
13,Monero,XMR
14,IOTA,MIOTA
15,Dash,DASH
16,NEO,NEO
17,NEM,XEM
18,Ethereum Classic,ETC
19,USD Coin,USDC
20,Maker,MKR
21,Zcash,ZEC
22,Waves,WAVES
23,Tezos,XTZ
24,Dogecoin,DOGE
25,VeChain,VET
26,TrueUSD,TUSD
27,Ontology,ONT
28,Holo,HOT
29,Zilliqa,ZIL
30,Qtum,QTUM
31,Bitcoin Gold,BTG
32,OmiseGO,OMG
33,Decred,DCR
34,0x,ZRX
35,Basic Attenti...,BAT
36,Paxos Standar...,PAX
37,Chainlink,LINK
38,Lisk,LSK
39,Augur,REP
40,Nano,NANO
41,Bitcoin Diamond,BCD
42,Bytecoin,BCN
43,Pundi X,NPXS
44,DigiByte,DGB
45,ICON,ICX
46,BitShares,BTS
47,Revain,R
48,Gemini Dollar,GUSD
49,Siacoin,SC
50,Verge,XVG
51,Steem,STEEM
52,Aeternity,AE
53,Stratis,STRAT
54,Dai,DAI
55,Bytom,BTM
56,Komodo,KMD
57,IOST,IOST
58,Status,SNT
59,Populous,PPT
60,Electroneum,ETN
61,PayPie,PPP
62,Cryptonex,CNX
63,Golem,GNT
64,ODEM,ODE
65,Factom,FCT
66,REPO,REPO
67,Aurora,AOA
68,MaidSafeCoin,MAID
69,Ardor,ARDR
70,Insight Chain,INB
71,Huobi Token,HT
72,Loopring,LRC
73,Mixin,XIN
74,Ark,ARK
75,HyperCash,HC
76,Project Pai,PAI
77,Waltonchain,WTC
78,Polymath,POLY
79,PIVX,PIVX
80,Decentraland,MANA
81,ReddCoin,RDD
82,Dentacoin,DCN
83,THETA,THETA
84,Linkey,LKY
85,STASIS EURS,EURS
86,KuCoin Shares,KCS
87,DigixDAO,DGD
88,Aion,AION
89,GXChain,GXS
90,Bancor,BNT
91,Elastos,ELA
92,Ravencoin,RVN
93,Zcoin,XZC
94,Nexo,NEXO
95,Wanchain,WAN
96,Power Ledger,POWR
97,Crypto.com Chain,CRO
98,MonaCoin,MONA
99,Crypto.com,MCO
100,WAX,WAX
101,MOAC,MOAC
102,Buggyra Coin ...,BCZERO
103,aelf,ELF
104,TenX,PAY
105,Veritaseum,VERI
106,Centrality,CENNZ
107,QASH,QASH
108,Nxt,NXT
109,Loom Network,LOOM
110,SingularityNET,AGI
111,Digitex Futures,DGTX
112,NULS,NULS
113,Nebulas,NAS
114,MobileGo,MGO
115,Optimal Shelf...,OSA
116,Horizen,ZEN
117,QuarkChain,QKC
118,Apollo Currency,APL
119,Syscoin,SYS
120,Particl,PART
121,Enjin Coin,ENJ
122,FunFair,FUN
123,Metaverse ETP,ETP
124,Kin,KIN
125,WaykiChain,WICC
126,Obyte,GBYTE
127,Eidoo,EDO
128,Mithril,MITH
129,Gold Bits Coin,GBC
130,Enigma,ENG
131,Gas,GAS
132,Nexus,NXS
133,iExec RLC,RLC
134,Endor Protocol,EDR
135,Kyber Network,KNC
136,Dent,DENT
137,CyberMiles,CMT
138,Dragonchain,DRGN
139,Quant,QNT
140,OneRoot Network,RNT
141,ProximaX,XPX
142,Bread,BRD
143,Storj,STORJ
144,SALT,SALT
145,Bitcoin Private,BTCP
146,HYCON,HYC
147,Civic,CVC
148,BOScoin,BOS
149,Spectre.ai Di...,SXDT
150,TomoChain,TOMO
151,Cube,AUTO
152,Substratum,SUB
153,TokenClub,TCT
154,Maximine Coin,MXM
155,Nectar,NEC
156,LockTrip,LOC
157,Cortex,CTXC
158,Odyssey,OCN
159,Genesis Vision,GVT
160,SIRIN LABS Token,SRN
161,Request Network,REQ
162,Moeda Loyalty...,MDA
163,Nasdacoin,NSD
164,Santiment Net...,SAN
165,Unobtanium,UNO
166,CRYPTO20,C20
167,Storm,STORM
168,Neblio,NEBL
169,EvenCoin,EVN
170,Groestlcoin,GRS
171,Bibox Token,BIX
172,Cindicator,CND
173,Mainframe,MFT
174,Gifto,GTO
175,TrueChain,TRUE
176,Tokenomy,TEN
177,XYO,XYO
178,GoChain,GO
179,Smartlands,SLT
180,Ethos,ETHOS
181,Qubitica,QBIT
182,THEKEY,TKY
183,BnkToTheFuture,BFT
184,Gnosis,GNO
185,Emercoin,EMC
186,TokenPay,TPAY
187,Peercoin,PPC
188,Streamr DATAcoin,DATA
189,PumaPay,PMA
190,Vertcoin,VTC
191,Iconomi,ICN
192,Ignis,IGNIS
193,Po.et,POE
194,Bezant,BZNT
195,BridgeCoin,BCO
196,Lisk Machine ...,LML
197,Aragon,ANT
198,BLOCKv,VEE
199,Blocknet,BLOCK
200,Skycoin,SKY
201,Ren,REN
202,Namecoin,NMC
203,Telcoin,TEL
204,Dynamic Tradi...,DTR
205,Wagerr,WGR
206,DEX,DEX
207,Pillar,PLR
208,IoTeX,IOTX
209,FLO,FLO
210,Matrix AI Net...,MAN
211,Edgeless,EDG
212,Raiden Networ...,RDN
213,RChain,RHOC
214,Nucleus Vision,NCASH
215,Timicoin,TMC
216,Agrello,DLT
217,SmartCash,SMART
218,Dropil,DROP
219,CoinUs,CNUS
220,Everus,EVR
221,SmartMesh,SMT
222,PRIZM,PZM
223,Paragon,PRG
224,PLATINCOIN,PLC
225,Gulden,NLG
226,Neumark,NEU
227,UTRUST,UTK
228,Own,CHX
229,NavCoin,NAV
230,OST,OST
231,Fusion,FSN
232,DMarket,DMT
233,Everipedia,IQ
234,MediBloc [ERC20],MEDX
235,Credits,CS
236,STACS,STACS
237,Steem Dollars,SBD
238,VIBE,VIBE
239,Cashbery Coin,CBC
240,Energi,NRG
241,Metal,MTL
242,Quantum Resis...,QRL
243,Game.com,GTC
244,APIS,APIS
245,Scry.info,DDD
246,Crypterium,CRPT
247,Vitae,VITAE
248,Quantstamp,QSP
249,Einsteinium,EMC2
250,SaluS,SLS
251,United Trader...,UTT
252,Insolar,INS
253,Boolberry,BBR
254,WhiteCoin,XWC
255,Ruff,RUFF
256,Melon,MLN
257,Envion,EVN
258,Ubiq,UBQ
259,Breezecoin,BRZC
260,SingularDTV,SNGLS
261,Ambrosus,AMB
262,ETHLend,LEND
263,Moss Coin,MOC
264,Loopring [NEO],LRN
265,Wings,WINGS
266,FOAM,FOAM
267,Mothership,MSP
268,Bluzelle,BLZ
269,SophiaTX,SPHTX
270,High Performa...,HPB
271,Burst,BURST
272,smARTOFGIVING,AOG
273,Trade Token X,TIOX
274,LEOcoin,LEO
275,IoT Chain,ITC
276,NIX,NIX
277,COSS,COSS
278,NKN,NKN
279,Time New Bank,TNB
280,DigitalNote,XDN
281,SONM,SNM
282,IHT Real Esta...,IHT
283,Electra,ECA
284,Waves Communi...,WCT
285,Selfkey,KEY
286,BitBay,BAY
287,Cryptaur,CPT
288,Machine Xchan...,MXC
289,AdEx,ADX
290,CWV Chain,CWV
291,Restart Energ...,MWAT
292,Arcblock,ABT
293,Hydro,HYDRO
294,bitCNY,BITCNY
295,Viacoin,VIA
296,district0x,DNT
297,Safe Exchange...,SAFEX
298,Swarm,SWM
299,MediShares,MDS
300,Noah Coin,NOAH
301,CasinoCoin,CSC
302,WePower,WPR
303,Tael,WABI
304,Propy,PRO
305,E-Dinar Coin,EDR
306,MediBloc [QRC20],MED
307,Mobius,MOBI
308,Modum,MOD
309,Red Pulse Pho...,PHX
310,DATA,DTA
311,DecentBet,DBET
312,Wowbit,WWB
313,ZrCoin,ZRC
314,POA Network,POA
315,GameCredits,GAME
316,Jibrel Network,JNT
317,FairCoin,FAIR
318,VITE,VITE
319,Cosmo Coin,COSM
320,Everex,EVX
321,Stakenet,XSN
322,BABB,BAX
323,Achain,ACT
324,Tierion,TNT
325,SCRL,SCRL
326,CloakCoin,CLOAK
327,AMO Coin,AMO
328,OriginTrail,TRAC
329,CyberVein,CVT
330,LBRY Credits,LBC
331,Clams,CLAM
332,Loki,LOKI
333,Metronome,MET
334,Ripio Credit ...,RCN
335,Asch,XAS
336,Dignity,DIG
337,BitCapitalVendor,BCV
338,QLC Chain,QLC
339,Polis,POLIS
340,Cashaa,CAS
341,ZClassic,ZCL
342,Counterparty,XCP
343,Bottos,BTO
344,Zipper,ZIP
345,LGO Exchange,LGO
346,CPChain,CPC
347,Refereum,RFR
348,BitNewChain,BTN
349,Pascal Coin,PASC
350,All Sports,SOC
351,Tripio,TRIO
352,LoyalCoin,LYL
353,PACcoin,$PAC
354,Litecoin Cash,LCC
355,Blox,CDT
356,Internet Node...,INT
357,Lympo,LYM
358,Quanta Utilit...,QNTU
359,Presearch,PRE
360,CanonChain,CZR
361,QChi,QCH
362,UpToken,UP
363,PlayCoin [ERC20],PLY
364,Monetha,MTH
365,Fantom,FTM
366,LATOKEN,LA
367,Smartshare,SSP
368,Aeron,ARN
369,doc.com Token,MTC
370,TurtleCoin,TRTL
371,PCHAIN,PAI
372,TokenCard,TKN
373,Numeraire,NMR
374,Aeon,AEON
375,Bitcore,BTX
376,Humanscape,HUM
377,Clipper Coin,CCCX
378,BitKan,KAN
379,Cred,LBA
380,Unikoin Gold,UKG
381,Rotharium,RTH
382,Linda,LINDA
383,AppCoins,APPC
384,Robotina,ROX
385,NaPoleonX,NPX
386,Penta,PNT
387,HalalChain,HLC
388,ColossusXT,COLX
389,Blockport,BPT
390,StarCoin,KST
391,YOYOW,YOYOW
392,Primas,PST
393,BlackCoin,BLK
394,Metadium,META
395,bitUSD,BITUSD
396,Cobinhood,COB
397,Blocktix,TIX
398,ATC Coin,ATCC
399,Playgroundz,IOG
400,Sentinel Prot...,UPP
401,Content Neutr...,CNN
402,Mercury,MER
403,Polybius,PLBT
404,Omnitude,ECOM
405,Covesting,COV
406,Bitcoin Interest,BCI
407,Primecoin,XPM
408,ION,ION
409,Etherparty,FUEL
410,BOX Token,BOX
411,Lunyr,LUN
412,Viberate,VIB
413,TE-FOOD,TFD
414,EDUCare,EKT
415,NAGA,NGC
416,TTC Protocol,TTC
417,AirSwap,AST
418,Online,OIO
419,DAPS Token,DAPS
420,PotCoin,POT
421,Peculium,PCL
422,Genaro Network,GNX
423,Dock,DOCK
424,INO COIN,INO
425,Shift,SHIFT
426,HTMLCOIN,HTML
427,Dero,DERO
428,Global Curren...,GCR
429,Callisto Network,CLO
430,Lamden,TAU
431,GINcoin,GIN
432,SpankChain,SPANK
433,Digix Gold Token,DGX
434,Quasarcoin,QAC
435,Feathercoin,FTC
436,Zeepin,ZPT
437,MinexCoin,MNX
438,SwftCoin,SWFTC
439,eosDAC,EOSDAC
440,Xaurum,XAUR
441,Apex,CPX
442,Fortuna,FOTA
443,BlockMason Cr...,BCPT
444,Storiqa,STQ
445,SwissBorg,CHSB
446,OAX,OAX
447,Distributed C...,DCC
448,Rublix,RBLX
449,TRONCLASSIC,TRXC
450,DAOstack,GEN
451,Travala.com,AVA
452,adToken,ADT
453,Synthetix Net...,SNX
454,0chain,ZCN
455,Blackmoon,BMC
456,DxChain Token,DX
457,Darico Ecosys...,DEC
458,Ternio,TERN
459,Upfiring,UFR
460,Nexty,NTY
461,SpaceChain,SPC
462,CrypticCoin,CRYP
463,Aurora DAO,AURA
464,Ink,INK
465,Bit-Z Token,BZ
466,MARK.SPACE,MRK
467,Moneytoken,IMT
468,Bitcoin Atom,BCA
469,Diamond,DMD
470,B2BX,B2B
471,BaaSid,BAAS
472,Sakura Bloom,SKB
473,XEL,XEL
474,ATN,ATN
475,SPINDLE,SPD
476,Six Domain Chain,SDA
477,Morpheus.Network,MRPH
478,KickCoin,KICK
479,FREE Coin,FREE
480,Remme,REM
481,RevolutionVR,RVR
482,SafeInsure,SINS
483,ALQO,XLQ
484,Blue Whale Token,BWX
485,ICE ROCK MINING,ROCK2
486,GoldCoin,GLD
487,Peerplays,PPY
488,MassGrid,MGD
489,Spectrecoin,XSPEC
490,Eden,EDN
491,Delphy,DPY
492,VINchain,VIN
493,Opacity,OPQ
494,ToaCoin,TOA
495,DECENT,DCT
496,Stealth,XST
497,HempCoin,THC
498,BitTube,TUBE
499,Consensus,SEN
500,I/O Coin,IOC
501,CommerceBlock,CBT
502,PolySwarm,NCT
503,PlayGame,PXG
504,Seele,SEELE
505,Hi Mutual Soc...,HMC
506,DeepOnion,ONION
507,Bean Cash,BITB
508,DADI,DADI
509,Graft,GRFT
510,Gene Source C...,GENE
511,NANJCOIN,NANJ
512,DACSEE,DACS
513,Zen Protocol,ZP
514,Myriad,XMY
515,MonetaryUnit,MUE
516,Skrumble Network,SKM
517,Phore,PHR
518,Ulord,UT
519,Zebi,ZCO
520,Insureum,ISR
521,GET Protocol,GET
522,Business Cred...,BCAC
523,carVertical,CV
524,Sentinel,SENT
525,Vipstar Coin,VIPS
526,BitGuild PLAT,PLAT
527,Radium,RADS
528,Lendingblock,LND
529,BitDice,CSNO
530,Crown,CRW
531,FuzeX,FXT
532,XPA,XPA
533,Bitcoin Green,BITG
534,Noku,NOKU
535,Bulwark,BWK
536,Haven Protocol,XHV
537,XinFin Network,XDCE
538,BrahmaOS,BRM
539,DeepBrain Chain,DBC
540,MIB Coin,MIB
541,VeriCoin,VRC
542,CargoX,CXO
543,Sentinel Chain,SENC
544,Etheroll,DICE
545,EBCoin,EBC
546,Switcheo,SWTH
547,Happycoin,HPC
548,QunQun,QUN
549,LINA,LINA
550,Pal Network,PAL
551,Rapids,RPD
552,Divi,DIVI
553,CEEK VR,CEEK
554,FarmaTrust,FTT
555,BANKEX,BKX
556,WeShow Token,WET
557,DubaiCoin,DBIX
558,Rise,RISE
559,GridCoin,GRC
560,Experience Po...,XP
561,Ultiledger,ULT
562,SIX,SIX
563,Olympus Labs,MOT
564,LinkEye,LET
565,Databits,DTB
566,XMax,XMX
567,Hydro Protocol,HOT
568,HyperSpace,AMP
569,DAEX,DAX
570,Neurotoken,NTK
571,ZelCash,ZEL
572,U Network,UUU
573,Measurable Da...,MDT
574,Decision Token,HST
575,SunContract,SNC
576,Dovu,DOV
577,FNKOS,FNKOS
578,Semux,SEM
579,Unibright,UBT
580,BitMart Token,BMX
581,NoLimitCoin,NLC2
582,Stellite,XTL
583,Cardstack,CARD
584,Welltrado,WTL
585,ChatCoin,CHAT
586,TRAXIA,TMT
587,aXpire,AXPR
588,Electrify.Asia,ELEC
589,Global Social...,GSC
590,EDRCoin,EDRC
591,Humaniq,HMQ
592,Scorum Coins,SCR
593,Footballcoin,XFC
594,Fox Trading,FOXT
595,KARMA,KARMA
596,YGGDRASH,YEED
597,Aergo,AERGO
598,YEE,YEE
599,Solaris,XLR
600,HOQU,HQX
601,DIMCOIN,DIM
602,Nimiq,NIM
603,Soarcoin,SOAR
604,Hiveterminal ...,HVN
605,Zeusshield,ZSC
606,Chronobank,TIME
607,CVCoin,CVN
608,Gentarium,GTM
609,DNotes,NOTE
610,Friendz,FDZ
611,Kcash,KCASH
612,Morpheus Labs,MITX
613,Curecoin,CURE
614,Hashgard,GARD
615,Spectre.ai Ut...,SXUT
616,Bloom,BLT
617,Ubex,UBEX
618,Sphere,SPHR
619,Bodhi,BOT
620,HashCoin,HSC
621,MVL,MVL
622,Constellation,DAG
623,Molecule,MOL
624,Crowd Machine,CMCT
625,FansTime,FTI
626,Phantasma,SOUL
627,RightMesh,RMESH
628,AI Doctor,AIDOC
629,Fountain,FTN
630,Birake,BIR
631,EXRNchain,EXRN
632,Invacio,INV
633,ugChain,UGC
634,LocalCoinSwap,LCS
635,Ifoods Chain,IFOOD
636,LUXCoin,LUX
637,Yocoin,YOC
638,AMLT,AMLT
639,Banca,BANCA
640,Circuits of V...,COVAL
641,COVA,COVA
642,Brickblock,BBK
643,Liquidity Net...,LQD
644,Egretia,EGT
645,SureRemit,RMT
646,Medicalchain,MTN
647,AidCoin,AID
648,Motocoin,MOTO
649,Snetwork,SNET
650,Matchpool,GUP
651,Lightpaycoin,LPC
652,The Abyss,ABYSS
653,SolarCoin,SLR
654,OKCash,OK
655,TrustNote,TTT
656,Vexanium,VEX
657,Trinity Netwo...,TNC
658,Litex,LXT
659,MktCoin,MLM
660,IXT,IXT
661,ZMINE,ZMN
662,Musicoin,MUSIC
663,Pura,PURA
664,Masari,MSR
665,Hacken,HKN
666,ZPER,ZPR
667,Bezop,BEZ
668,TrueFlip,TFL
669,Coinvest,COIN
670,Pundi X NEM,NPXSXEM
671,ContentBox,BOX
672,Rivetz,RVT
673,BitSend,BSD
674,Ink Protocol,XNK
675,Flixxo,FLIXX
676,SIBCoin,SIB
677,NeuroChain,NCC
678,Gems ,GEM
679,Eligma Token,ELI
680,HiCoin,XHI
681,DAV Coin,DAV
682,DomRaider,DRT
683,Kambria,KAT
684,On.Live,ONL
685,Miners' Rewar...,MRT
686,Golos,GOLOS
687,EchoLink,EKO
688,Patientory,PTOY
689,Kleros,PNK
690,Patron,PAT
691,ValueCyberToken,VCT
692,Nebula AI,NBAI
693,Airbloc,ABL
694,GeoCoin,GEO
695,Swarm City,SWT
696,indaHash,IDH
697,Sharder,SS
698,Insights Network,INSTAR
699,DATx,DATX
700,Pirl,PIRL
701,Expanse,EXP
702,Novacoin,NVC
703,InterCrone,ICR
704,Aventus,AVT
705,NewYorkCoin,NYC
706,LatiumX,LATX
707,PRASM,PSM
708,MidasProtocol,MAS
709,ProChain,PRA
710,Credit Tag Chain,CTC
711,Block Array,ARY
712,Paypex,PAYX
713,SelfSell,SSC
714,Privatix,PRIX
715,WeTrust,TRST
716,CashBet Coin,CBC
717,OneLedger,OLT
718,Cappasity,CAPP
719,CoinFi,COFI
720,UNIVERSAL CASH,UCASH
721,ArtByte,ABY
722,BOXX Token [B...,BOXX
723,SHIELD,XSH
724,LIFE,LIFE
725,ExclusiveCoin,EXCL
726,Dynamic,DYN
727,Datawallet,DXT
728,Tolar,TOL
729,Experty,EXY
730,STK,STK
731,Snovian.Space,SNOV
732,TraDove B2BCoin,BBC
733,VouchForMe,IPL
734,Education Eco...,LEDU
735,Blocktrade Token,BTT
736,Global Awards...,GAT
737,Bitcoin Incog...,XBI
738,AirWire,WIRE
739,AWARE,AT
740,TrueDeck,TDP
741,Qbao,QBT
742,Mallcoin,MLC
743,Digital Asset...,DAGT
744,Bitcoiin,B2G
745,RED,RED
746,Wixlar,WIX
747,Stox,STX
748,OWNDATA,OWN
749,FLIP,FLP
750,Effect.AI,EFX
751,Tokes,TKS
752,WABnetwork,WAB
753,Banyan Network,BBN
754,DopeCoin,DOPE
755,Maecenas,ART
756,FoldingCoin,FLDC
757,Energo,TSL
758,Syndicate,SYNX
759,Kore,KORE
760,Howdoo,UDOO
761,BitcoinZ,BTCZ
762,Trittium,TRTT
763,FintruX Network,FTX
764,X8X Token,X8X
765,Maxcoin,MAX
766,Blue Protocol,BLUE
767,HollyWoodCoin,HWC
768,Qwark,QWARK
769,Autonio,NIO
770,DaTa eXchange,DTX
771,Debitum,DEB
772,VeriumReserve,VRM
773,Giant,GIC
774,Ormeus Coin,ORME
775,Niobium Coin,NBC
776,Utrum,OOT
777,LikeCoin,LIKE
778,Silent Notary,SNTR
779,Formosa Finan...,FMF
780,POPCHAIN,PCH
781,Arbidex,ABX
782,Datum,DAT
783,iEthereum,IETH
784,Beetle Coin,BEET
785,PinkCoin,PINK
786,Thrive Token,THRT
787,Truegame,TGAME
788,GoNetwork,GOT
789,Acute Angle C...,AAC
790,MyWish,WISH
791,HEAT,HEAT
792,Gladius Token,GLA
793,Lethean,LTHN
794,Alphacat,ACAT
795,Arionum,ARO
796,Faceter,FACE
797,Internet of P...,IOP
798,Traceability ...,TAC
799,DeviantCoin,DEV
800,HOLD,HOLD
801,HEROcoin,PLAY
802,VULCANO,VULC
803,Memetic / Pep...,MEME
804,Coinsuper Eco...,CEN
805,SUQA,SUQA
806,Social Send,SEND
807,NeosCoin,NEOS
808,ATLANT,ATL
809,Repme,RPM
810,AiLink Token,ALI
811,PAYCENT,PYN
812,StrongHands,SHND
813,Swisscoin,SIC
814,CanYaCoin,CAN
815,Elite,1337
816,Bee Token,BEE
817,adbank,ADB
818,InterValue,INVE
819,Bitcoin Plus,XBC
820,Internxt,INXT
821,LogisCoin,LGS
822,Uquid Coin,UQC
823,Bounty0x,BNTY
824,BitScreener T...,BITX
825,CoinPoker,CHP
826,Aphelion,APH
827,Niobio Cash,NBR
828,Merculet,MVP
829,Breakout,BRK
830,IDEX Membership,IDXM
831,TransferCoin,TX
832,ThoreCoin,THR
833,GoByte,GBX
834,DPRating,RATING
835,Narrative,NRVE
836,Sprouts,SPRTS
837,MTC Mesh Network,MTC
838,FedoraCoin,TIPS
839,SiaCashCoin,SCC
840,Colu Local Ne...,CLN
841,Rentberry,BERRY
842,MyBit,MYB
843,ZCore,ZCR
844,ClearPoll,POLL
845,MODEL-X-coin,MODX
846,Bridge Protocol,TOLL
847,Essentia,ESS
848,Atonomi,ATMI
849,Capricoin,CPC
850,OptiToken,OPTI
851,Nework,NKC
852,SRCOIN,SRCOIN
853,GravityCoin,GXX
854,FSBT API Token,FSBT
855,0xBitcoin,0xBTC
856,Dether,DTH
857,Graviocoin,GIO
858,Nerva,XNV
859,SnowGem,XSG
860,Karbo,KRB
861,Sp8de,SPX
862,SkinCoin,SKIN
863,Rate3,RTE
864,Sharechain,SSS
865,UChain,UCN
866,NPER,NPER
867,Condominium,CDM
868,GoldMint,MNTP
869,Ryo Currency,RYO
870,JSECOIN,JSE
871,BitRent,RNTB
872,Sharpay,S
873,RefToken,REF
874,FantasyGold,FGC
875,RealTract,RET
876,Payfair,PFR
877,JET8,J8T
878,Bethereum,BETHER
879,Guaranteed Et...,GETX
880,MedicCoin,MEDIC
881,Stronghold USD,USDS
882,Bettex Coin,BTXC
883,Verify,CRED
884,ATBCoin,ATB
885,Devery,EVE
886,BetterBetting,BETR
887,Kryll,KRL
888,CryCash,CRC
889,X-Cash,XCASH
890,Equal,EQL
891,Worldcore,WRC
892,Pluton,PLU
893,Fire Lotto,FLOT
894,Sapien,SPN
895,Zilla,ZLA
896,HBZ Coin,HBZ
897,Ethereum Meta,ETHM
898,CannabisCoin,CANN
899,HeroNode,HER
900,Matryx,MTX
901,UltraNote Coin,XUN
902,eBitcoin,EBTC
903,NuBits,USNBT
904,eBoost,EBST
905,EventChain,EVC
906,Bitzeny,ZNY
907,AB-Chain RTB,RTB
908,Cpollo,CPLO
909,Puregold Token,PGT
910,Auxilium,AUX
911,BitNautic Token,BTNT
912,0xcert,ZXC
913,HeartBout,HB
914,ATMChain,ATM
915,ERC20,ERC20
916,Gravity,GZRO
917,Paymon,PMNT
918,Veros,VRS
919,Maverick Chain,MVC
920,Daneel,DAN
921,BlitzPredict,XBP
922,HunterCoin,HUC
923,Zippie,ZIPT
924,The ChampCoin,TCC
925,Freyrchain,FREC
926,Playkey,PKT
927,Profile Utili...,PUT
928,AICHAIN,AIT
929,AdHive,ADH
930,Olive,OLE
931,Beacon,BECN
932,Relex,RLX
933,Kalkulus,KLKS
934,Proton Token,PTT
935,Citadel,CTL
936,Sumokoin,SUMO
937,Apollon,XAP
938,Naviaddress,NAVI
939,MNPCoin,MNP
940,TrakInvest,TRAK
941,QuadrantProtocol,EQUAD
942,BuzzCoin,BUZZ
943,Tokenbox,TBX
944,Actinium,ACM
945,CryptoFlow,CFL
946,Bodhi [ETH],BOE
947,Neutron,NTRN
948,Bela,BELA
949,Origin Sport,ORS
950,Bob's Repair,BOB
951,MetaMorph,METM
952,ClearCoin,XCLR
953,LALA World,LALA
954,XOVBank,XOV
955,Cryptosolartech,CST
956,BoutsPro,BOUTS
957,Starbase,STAR
958,LRM Coin,LRM
959,Kora Network ...,KNT
960,Ether-1,ETHO
961,GlobalBoost-Y,BSTY
962,Obsidian,ODN
963,Bitcoin Zero,BZX
964,Pylon Network,PYLNT
965,SyncFab,MFG
966,IONChain,IONC
967,Akroma,AKA
968,EXMR,EXMR
969,Zetacoin,ZET
970,Blocklancer,LNC
971,Parkgene,GENE
972,Alt.Estate token,ALT
973,Auctus,AUC
974,HyperQuant,HQT
975,Argentum,ARG
976,Menlo One,ONE
977,RealChain,RCT
978,SnodeCoin,SND
979,Bonpay,BON
980,Monkey Project,MONK
981,No BS Crypto,NOBS
982,Kolion,KLN
983,PARETO Rewards,PARETO
984,BitRewards,BIT
985,TENA,TENA
986,Coinlancer,CL
987,Newton Coin P...,NCP
988,Mao Zedong,MAO
989,EtherGem,EGEM
990,Iungo,ING
991,StarterCoin,STAC
992,BEAT,BEAT
993,CYCLEAN,CCL
994,GlobalToken,GLT
995,CFun,CFUN
996,Aigang,AIX
997,Decentralized...,DML
998,Mocrow,MCW
999,4NEW,KWATT
1000,Amon,AMN
1001,Jetcoin,JET
1002,Quantis Network,QUAN
1003,AllSafe,ASAFE2
1004,SkyHub Coin,SHB
1005,More Coin,MORE
1006,Bigbom,BBO
1007,EtherInc,ETI
1008,XMCT,XMCT
1009,Elysian,ELY
1010,Aditus,ADI
1011,Teloscoin,TELOS
1012,Impleum,IMPL
1013,Absolute,ABS
1014,Suretly,SUR
1015,DogeCash,DOGEC
1016,Dash Green,DASHG
1017,EUNOMIA,ENTS
1018,Evimeria,EVI
1019,SportyCo,SPF
1020,ACE (TokenStars),ACE
1021,Magnet,MAG
1022,Unify,UNIFY
1023,BLOC.MONEY,BLOC
1024,Gold Poker,GPKR
1025,SCRIV NETWORK,SCRIV
1026,MicroMoney,AMM
1027,Webcoin,WEB
1028,GoHelpFund,HELP
1029,APR Coin,APR
1030,CyberFM,CYFM
1031,Pigeoncoin,PGN
1032,ShowHand,HAND
1033,DraftCoin,DFT
1034,nDEX,NDX
1035,Creditbit,CRB
1036,GenesisX,XGS
1037,Mindexcoin,MIC
1038,BitWhite,BTW
1039,Italian Lira,ITL
1040,Leadcoin,LDC
1041,ZINC,ZINC
1042,TokenDesk,TDS
1043,Transcodium,TNS
1044,Forkcoin,FORK
1045,Bitcoinus,BITS
1046,Intelligent T...,ITT
1047,Lobstex,LOBS
1048,KZ Cash,KZC
1049,Rupaya,RUPX
1050,Dorado,DOR
1051,NetKoin,NTK
1052,FUTURAX,FTXT
1053,Bitcoin Token,BTK
1054,GreenMed,GRMD
1055,Provoco Token,VOCO
1056,bitcoin2network,B2N
1057,Hurify,HUR
1058,Datarius Credit,DTRC
1059,Aegeus,AEG
1060,Crystal Token,CYL
1061,BunnyToken,BUNNY
1062,Bitnation,XPAT
1063,Engagement Token,ENGT
1064,Herbalist Token,HERB
1065,Micromines,MICRO
1066,XGOX,XGOX
1067,MMOCoin,MMO
1068,Bitblocks,BBK
1069,Azart,AZART
1070,PAWS Fund,PAWS
1071,KWHCoin,KWH
1072,ModulTrade,MTRC
1073,ArbitrageCT,ARCT
1074,QUINADS,QUIN
1075,Bitether,BTR
1076,ELTCOIN,ELTCOIN
1077,Xchange,XCG
1078,TravelNote,TVNT
1079,PKG Token,PKG
1080,WITChain,WIT
1081,PrimeStone,PSC
1082,IGToken,IG
1083,Thingschain,TIC
1084,Peony,PNY
1085,RouletteToken,RLT
1086,SAKECOIN,SAKE
1087,Plancoin,PLAN
1088,CryptoSoul,SOUL
1089,CatoCoin,CATO
1090,MCAP,MCAP
1091,Fivebalance,FBN
1092,RPICoin,RPI
1093,Octoin Coin,OCC
1094,SONDER,SNR
1095,Tourist Token,TOTO
1096,Typerium,TYPE
1097,BitcoiNote,BTCN
1098,Thore Cash,TCH
1099,Zenswap Netwo...,ZNT
1100,VikkyToken,VIKKY
1101,Project Coin,PRJ
1102,Gossipcoin,GOSS
1103,Phonecoin,PHON
1104,Olympic,OLMP
1105,QYNO,QNO
1106,Shivers,SHVR
1107,Waletoken,WTN
1108,Dinero,DIN
1109,CyberMusic,CYMT
1110,Neural Protocol,NRP
1111,Decentralized...,DATP
1112,Desire,DSR
1113,BitMoney,BIT
1114,Italo,XTA
1115,TEAM (TokenSt...,TEAM
1116,Mirai,MRI
1117,Bionic,BNC
1118,Mainstream Fo...,MFTU
1119,ROIyal Coin,ROCO
1120,Joint Ventures,JOINT
1121,DeltaChain,DELTA
1122,Havy,HAVY
1123,Cryptrust,CTRT
1124,Ether Kingdom...,IMP
1125,KUN,KUN
1126,YoloCash,YLC
1127,Cyber Movie C...,CMCT
1128,Ourcoin,OUR
1129,Tokugawa,TOK
1130,SocialCoin,SOCC
1131,Coinonat,CXT
1132,Abulaba,AAA
1133,BHPCash,BHPC
1134,Credo,CREDO
1135,Universa,UTNP
1136,Ecoreal Estate,ECOREAL
1137,DEW,DEW
1138,Lykke,LKK
1139,Cofound.it,CFI
1140,Aston,ATX
1141,ParkinGo,GOT
1142,XTRABYTES,XBY
1143,XcelToken,XCEL
1144,Starta,STA
1145,Primalbase Token,PBT
1146,EncrypGen,DNA
1147,Grid+,GRID
1148,Bismuth,BIS
1149,Flash,FLASH
1150,Fluz Fluz,FLUZ
1151,Pepe Cash,PEPECASH
1152,Ecobit,ECOB
1153,Global Crypto...,GCC
1154,Bittwatt,BWT
1155,Winding Tree,LIF
1156,AVINOC,AVINOC
1157,MintCoin,MINT
1158,Change,CAG
1159,AsiaCoin,AC
1160,FirstBlood,1ST
1161,TaaS,TAAS
1162,Pandacoin,PND
1163,empowr coin,EMPR
1164,Ivy,IVY
1165,Dimecoin,DIME
1166,BitCoen,BEN
1167,Hubii Network,HBT
1168,AdShares,ADST
1169,Proxeus,XES
1170,Incent,INCNT
1171,DAO.Casino,BET
1172,CHIPS,CHIPS
1173,Dotcoin,DOT
1174,ECC,ECC
1175,AurumCoin,AU
1176,Gambit,GAM
1177,RoBET,ROBET
1178,Zap,ZAP
1179,Linfinity,LFT
1180,Xriba,XRA
1181,Rubycoin,RBY
1182,COPYTRACK,CPY
1183,Karma,KRM
1184,ShipChain,SHIP
1185,TV-TWO,TTV
1186,HorusPay,HORUS
1187,Helium,HLM
1188,Ondori,RSTR
1189,Lynx,LYNX
1190,ALIS,ALIS
1191,Vites,VITES
1192,Mysterium,MYST
1193,Omni,OMNI
1194,Open Platform,OPEN
1195,OracleChain,OCT
1196,sUSD,SUSD
1197,Vezt,VZT
1198,PetroDollar,XPD
1199,EnergiToken,ETK
1200,BitDegree,BDG
1201,REAL,REAL
1202,Vice Industry...,VIT
1203,ALAX,ALX
1204,Soniq,SONIQ
1205,Oxycoin,OXY
1206,Cryptopay,CPAY
1207,TaTaTu,TTU
1208,BitCrystals,BCY
1209,Anoncoin,ANC
1210,savedroid,SVD
1211,Leverj,LEV
1212,New Power Coin,NPW
1213,Sense,SENSE
1214,FidentiaX,FDX
1215,FoodCoin,FOOD
1216,Sequence,SEQ
1217,LoMoCoin,LMC
1218,Pedity,PEDI
1219,Espers,ESP
1220,Ergo,EFYT
1221,Auroracoin,AUR
1222,Shivom,OMX
1223,Sharpe Platfo...,SHP
1224,Simmitri,SIM
1225,Kind Ads Token,KIND
1226,B3Coin,KB3
1227,Seal Network,SEAL
1228,Vetri,VLD
1229,2GIVE,2GIVE
1230,Breakout Stake,BRX
1231,Eroscoin,ERO
1232,Lampix,PIX
1233,Sociall,SCL
1234,HelloGold,HGT
1235,42-coin,42
1236,OBITS,OBITS
1237,Blockpass,PASS
1238,PikcioChain,PKC
1239,Travelflex,TRF
1240,Luna Stars,LSTR
1241,Atmos,ATMOS
1242,LiteDoge,LDOGE
1243,Ethersocial,ESN
1244,REBL,REBL
1245,APX,APX
1246,IP Exchange,IPSX
1247,Carboncoin,CARBON
1248,Uniform Fisca...,UFO
1249,Opus,OPT
1250,SounDAC,XSD
1251,WeAreSatoshi,WSX
1252,Bitmark,BTM
1253,Quark,QRK
1254,Ties.DB,TIE
1255,WorldCoin,WDC
1256,Stipend,SPD
1257,IQeon,IQN
1258,BlueCoin,BLU
1259,Manna,MANNA
1260,Eristica,ERT
1261,Sether,SETH
1262,EncryptoTel [...,ETT
1263,Zeitcoin,ZEIT
1264,1World,1WO
1265,Voise,VOISE
1266,PHI Token,PHI
1267,Carboneum [C8...,C8
1268,bitqy,BQ
1269,Monster Byte,MBI
1270,W3Coin,W3C
1271,Rupee,RUP
1272,Xenon,XNN
1273,e-Gulden,EFL
1274,Woodcoin,LOG
1275,BlockCAT,CAT
1276,Adelphoi,ADL
1277,Bullion,CBX
1278,EUNO,EUNO
1279,Indorse Token,IND
1280,Tigereum,TIG
1281,Terracoin,TRC
1282,Noir,NOR
1283,Nexium,NXC
1284,GCN Coin,GCN
1285,Shard,SHARD
1286,Publica,PBL
1287,Ubcoin Market,UBC
1288,CROAT,CROAT
1289,White Standard,WSD
1290,PWR Coin,PWR
1291,Zero,ZER
1292,Orbitcoin,ORB
1293,InvestFeed,IFT
1294,AudioCoin,ADC
1295,BioCoin,BIO
1296,Denarius,D
1297,Target Coin,TGT
1298,Elixir,ELIX
1299,BitClave,CAT
1300,Ethbits,ETBS
1301,BiblePay,BBP
1302,FlypMe,FYP
1303,Hackspace Cap...,HAC
1304,BlockMesh,BMH
1305,Spectiv,SIG
1306,TeslaCoin,TES
1307,Ixcoin,IXC
1308,Universe,UNI
1309,NuShares,NSR
1310,HyperStake,HYP
1311,Trollcoin,TROLL
1312,Kobocoin,KOBO
1313,SmileyCoin,SMLY
1314,TrezarCoin,TZC
1315,SuperCoin,SUPER
1316,QubitCoin,Q2C
1317,VeriME,VME
1318,Coin Lion,LION
1319,Bitswift,BITS
1320,Fidelium,FID
1321,CryptoPing,PING
1322,NobleCoin,NOBL
1323,PENG,PENG
1324,BunnyCoin,BUN
1325,Bitibu Coin,BTB
1326,CryptoCarbon,CCRB
1327,EverGreenCoin,EGC
1328,EquiTrader,EQT
1329,Canada eCoin,CDN
1330,PopularCoin,POP
1331,Next.exchange,NEXT
1332,Knoxstertoken,FKX
1333,Divi Exchange...,DIVX
1334,I0Coin,I0C
1335,Signals Network,SGN
1336,WandX,WAND
1337,Universal Cur...,UNIT
1338,Etheera,ETA
1339,Skeincoin,SKC
1340,Cruisebit,CRBT
1341,Ethorse,HORSE
1342,LOCIcoin,LOCI
1343,Commercium,CMM
1344,Pesetacoin,PTC
1345,Rookiecoin,RKC
1346,Photon,PHO
1347,RussiaCoin,RC
1348,imbrex,REX
1349,Tracto,TRCT
1350,Galactrum,ORE
1351,Biotron,BTRN
1352,Dinastycoin,DCY
1353,CampusCoin,CMPCO
1354,IncaKoin,NKA
1355,SHPING,SHPING
1356,PoSW Coin,POSW
1357,SoMee.Social,ONG
1358,Darcrus,DAR
1359,Vsync,VSX
1360,KekCoin,KEK
1361,EtherSportz,ESZ
1362,View,VIEW
1363,Bitcoin Scrypt,BTCS
1364,Block-Logic,BLTG
1365,ZEST,ZEST
1366,DCORP Utility,DRPU
1367,Zennies,ZENI
1368,Monoeci,XMCC
1369,Speed Mining ...,SMS
1370,Goodomy,GOOD
1371,NEVERDIE,NDC
1372,Growers Inter...,GRWI
1373,PeepCoin,PCN
1374,Cryptonite,XCN
1375,FORCE,FOR
1376,Elcoin,EL
1377,Blockpool,BPL
1378,Digital Insur...,DIT
1379,Talao,TALAO
1380,Oceanlab,OCL
1381,FujiCoin,FJC
1382,DigitalPrice,DP
1383,Ellaism,ELLA
1384,bitSilver,BITSILVER
1385,Freicoin,FRC
1386,WELL,WELL
1387,bitJob,STU
1388,Level Up Coin,LUC
1389,BBSCoin,BBS
1390,Mithril Ore,MORE
1391,Chronologic,DAY
1392,Cream,CRM
1393,bitGold,BITGOLD
1394,Cazcoin,CAZ
1395,LanaCoin,LANA
1396,AquariusCoin,ARCO
1397,CREA,CREA
1398,Shadow Token,SHDW
1399,Hush,HUSH
1400,bitBTC,BITBTC
1401,Truckcoin,TRK
1402,Phoenixcoin,PXC
1403,AC3,AC3
1404,Soma,SCT
1405,SURETY,SURE
1406,Advanced Inte...,AIB
1407,Gainer,GNR
1408,CrowdWiz,WIZ
1409,Etheriya,RIYA
1410,PutinCoin,PUT
1411,Blockchain Ce...,BCDT
1412,iDealCash,DEAL
1413,SIMDAQ,SMQ
1414,STRAKS,STAK
1415,Condensate,RAIN
1416,FundRequest,FND
1417,Elementrem,ELE
1418,bitEUR,BITEUR
1419,WavesGo,WGO
1420,Bitradio,BRO
1421,BitStation,BSTN
1422,OP Coin,OPC
1423,Opal,OPAL
1424,Linx,LINX
1425,TrumpCoin,TRUMP
1426,Gapcoin,GAP
1427,Crave,CRAVE
1428,Tidex Token,TDX
1429,Nullex,NLX
1430,AdCoin,ACC
1431,PayCoin,XPY
1432,Vivid Coin,VIVID
1433,OPCoinX,OPCX
1434,Shekel,JEW
1435,Moin,MOIN
1436,FirstCoin,FRST
1437,XDNA,XDNA
1438,BritCoin,BRIT
1439,Megacoin,MEC
1440,MASTERNET,MASH
1441,Ethereum Cash,ECASH
1442,Joulecoin,XJO
1443,ShareX,SEXC
1444,Live Stars,LIVE
1445,Qurito,QURO
1446,Ignition,IC
1447,Sugar Exchange,SGR
1448,MagicCoin,MAGE
1449,Webchain,WEB
1450,Innova,INN
1451,Nerves,NER
1452,BDT Token,BDT
1453,Tokia,TKA
1454,WomenCoin,WOMEN
1455,Emphy,EPY
1456,Arion,ARION
1457,Blocknode,BND
1458,Iridium,IRD
1459,Jury.Online T...,JOT
1460,Nyancoin,NYAN
1461,DOWCOIN,DOW
1462,Piggycoin,PIGGY
1463,HOdlcoin,HODL
1464,Bitstar,BITS
1465,UltraCoin,UTC
1466,Digitalcoin,DGC
1467,TittieCoin,TIT
1468,Bitcloud,BTDX
1469,Deutsche eMark,DEM
1470,Magi,XMG
1471,Startcoin,START
1472,MarteXcoin,MXT
1473,CoinToGo,2GO
1474,Unitus,UIS
1475,BriaCoin,BRIA
1476,ChessCoin,CHESS
1477,BTCtalkcoin,TALK
1478,Fastcoin,FST
1479,Bata,BTA
1480,TagCoin,TAG
1481,HUZU,HUZU
1482,Helleniccoin,HNC
1483,SpreadCoin,SPR
1484,Jesus Coin,JC
1485,InflationCoin,IFLT
1486,Netko,NETKO
1487,PitisCoin,PTS
1488,Advanced Tech...,ARC
1489,Rimbit,RBT
1490,Ccore,CCO
1491,Social Activi...,SAT
1492,Commodity Ad ...,CDX
1493,ZoZoCoin,ZZC
1494,SagaCoin,SAGA
1495,Open Trading ...,OTN
1496,vSlice,VSL
1497,Golfcoin,GOLF
1498,KanadeCoin,KNDC
1499,Bitcoin Red,BTCRED
1500,Orbis Token,OBT
1501,Bitcoin Fast,BCF
1502,808Coin,808
1503,Adzcoin,ADZ
1504,Triangles,TRI
1505,PlatinumBAR,XPTX
1506,ProCurrency,PROC
1507,Authorship,ATS
1508,VIVO,VIVO
1509,Emerald Crypto,EMD
1510,GrandCoin,GDC
1511,Crowdholding,YUP
1512,Synergy,SNRG
1513,Pascal Lite,PASL
1514,Regalcoin,REC
1515,Swing,SWING
1516,BrokerNekoNet...,BNN
1517,300 Token,300
1518,Crystal Clear ,CCT
1519,EZToken,EZT
1520,Viuly,VIU
1521,Fabric Token,FT
1522,Origami,ORI
1523,Masternodecoin,MTNC
1524,Ratecoin,XRA
1525,BitBar,BTB
1526,TOKYO,TOKC
1527,Dystem,DTEM
1528,Billionaire T...,XBL
1529,Wispr,WSP
1530,Compound Coin,COMP
1531,Bitsum,BSM
1532,Rubies,RBIES
1533,InsaneCoin,INSN
1534,SixEleven,611
1535,Litecoin Plus,LCP
1536,Ultimate Secu...,USC
1537,TEKcoin,TEK
1538,Ethereum Gold,ETG
1539,Bitcoin 21,XBTC21
1540,Darsek,KED
1541,ICO OpenLedger,ICOO
1542,ZeusNetwork,ZEUS
1543,BlazeCoin,BLZ
1544,iTicoin,ITI
1545,SONO,SONO
1546,Onix,ONX
1547,GoldBlocks,GB
1548,SteepCoin,STEEP
1549,Sola Token,SOL
1550,Cryptojacks,CJ
1551,Mincoin,MNC
1552,Aricoin,ARI
1553,Signatum,SIGT
1554,Garlicoin,GRLC
1555,Thunderstake,TSC
1556,Digiwage,WAGE
1557,Bitdeal,BDL
1558,AdultChain,XXX
1559,Quatloo,QTL
1560,Version,V
1561,Musiconomi,MCI
1562,Bolivarcoin,BOLI
1563,Ethereum Dark,ETHD
1564,Graphcoin,GRPH
1565,Blakecoin,BLC
1566,Cashcoin,CASH
1567,Pure,PUREX
1568,Embers,MBRS
1569,Jin Coin,JIN
1570,Arepacoin,AREPA
1571,Fantasy Cash,FANS
1572,Numus,NMS
1573,Coin(O),CNO
1574,Castle,CSTL
1575,Nitro,NOX
1576,BoostCoin,BOST
1577,Block-Chain.com,BC
1578,Honey,HONEY
1579,BLAST,BLAST
1580,Impact,IMX
1581,Wild Crypto,WILD
1582,Posscoin,POSS
1583,VoteCoin,VOT
1584,RevolverCoin,XRE
1585,Sparks,SPK
1586,Local World F...,LWF
1587,Joincoin,J
1588,Bitcoin W Spe...,BWS
1589,Coin2.1,C2
1590,Knekted,KNT
1591,Renos,RNS
1592,SecretCoin,SCRT
1593,BERNcash,BERN
1594,IrishCoin,IRL
1595,SmartCoin,SMC
1596,EagleX,EGX
1597,Trident Group,TRDT
1598,Atheios,ATH
1599,Dragonglass,DGS
1600,Titcoin,TIT
1601,DarexTravel,DART
1602,BZLCOIN,BZL
1603,PureVidz,VIDZ
1604,Centurion,CNT
1605,Minereum,MNE
1606,Zealium,NZL
1607,JavaScript Token,JS
1608,Evil Coin,EVIL
1609,Printex,PRTX
1610,Help The Home...,HTH
1611,Pakcoin,PAK
1612,ConnectJob,CJT
1613,AceD,ACED
1614,DROXNE,DRXNE
1615,Leviar,XLC
1616,Earth Token,EARTH
1617,Safe Trade Coin,XSTC
1618,Zurcoin,ZUR
1619,Harvest Maste...,HC
1620,Grimcoin,GRIM
1621,EthBet,EBET
1622,dietbitcoin,DDX
1623,Zoomba,ZBA
1624,PluraCoin,PLURA
1625,Escroco Emerald,ESCE
1626,Cheesecoin,CHEESE
1627,Master Swiscoin,MSCN
1628,Digital Money...,DMB
1629,Dreamcoin,DRM
1630,iBTC,IBTC
1631,Datacoin,DTC
1632,X-Coin,XCO
1633,ParallelCoin,DUO
1634,RedCoin,RED
1635,8Bit,8BIT
1636,GuccioneCoin,GCC
1637,PyrexCoin,PYX
1638,Senderon,SDRN
1639,Bank Coin,BANK
1640,BOAT,BOAT
1641,CompuCoin,CPN
1642,IXTUS Edutain...,IXE
1643,PRiVCY,PRIV
1644,MojoCoin,MOJO
1645,Atomic Coin,ATOM
1646,Eurocoin,EUC
1647,High Voltage,HVCO
1648,Dix Asset,DIX
1649,Peerguess,GUESS
1650,SpeedCash,SCS
1651,Carebit,CARE
1652,KingN Coin,KNC
1653,ParkByte,PKB
1654,NevaCoin,NEVA
1655,BigUp,BIGUP
1656,Quebecoin,QBC
1657,Polcoin,PLC
1658,FolmCoin,FLM
1659,Sub Invest,SUBX
1660,BitQuark,BTQ
1661,Kurrent,KURT
1662,INDINODE,XIND
1663,Nyerium,NYEX
1664,Kubera Coin,KBR
1665,Eternity,ENT
1666,AmsterdamCoin,AMS
1667,EZOOW,EZW
1668,Elysium,ELS
1669,Independent M...,IMS
1670,DeusCoin,DEUS
1671,ICOBID,ICOB
1672,Californium,CF
1673,PostCoin,POST
1674,SecureCoin,SRC
1675,Accelerator N...,ACC
1676,BROTHER,BRAT
1677,EcoCoin,ECO
1678,TajCoin,TAJ
1679,Bitcoin Adult,BTAD
1680,Litecred,LTCR
1681,Steneum Coin,STN
1682,Marijuanacoin,MAR
1683,CryptoInsight,TKR
1684,PonziCoin,PONZI
1685,CoinonatX,XCXT
1686,Phantomx,PNX
1687,PosEx,PEX
1688,Dollarcoin,DLC
1689,Acoin,ACOIN
1690,IQ.cash,IQ
1691,Kronecoin,KRONE
1692,GeyserCoin,GSR
1693,MFIT COIN,MFIT
1694,Bankcoin,B@
1695,MustangCoin,MST
1696,UralsCoin,URALS
1697,SOILcoin,SOIL
1698,BumbaCoin,BUMBA
1699,Nekonium,NUKO
1700,Ammo Reloaded,AMMO
1701,Dalecoin,DALC
1702,Flaxscript,FLAX
1703,BitCoin One,BTCONE
1704,Eryllium,ERY
1705,Pioneer Coin,PCOIN
1706,Qbic,QBIC
1707,Rocketcoin,ROCK
1708,WhaleCoin,WHL
1709,Comet,CMT
1710,FuzzBalls,FUZZ
1711,Theresa May Coin,MAY
1712,BitCoal,COAL
1713,Neuro,NRO
1714,FLiK,FLIK
1715,PoSToken,POS
1716,Fintab,FNTB
1717,Zayedcoin,ZYD
1718,Virtacoin,VTA
1719,Bitcoin Planet,BTPL
1720,MiloCoin,MILO
1721,ACRE,ACRE
1722,Iconic,ICON
1723,iBank,IBANK
1724,C-Bit,XCT
1725,Rhenium,XRH
1726,Concoin,CONX
1727,Staker,STR
1728,Bitcoin X,BTX
1729,Archetypal Ne...,ACTP
1730,GambleCoin,GMCN
1731,Cabbage,CAB
1732,Cannation,CNNC
1733,Bitspace,BSX
1734,Veltor,VLT
1735,Ragnarok,RAGNA
1736,HomeBlockCoin,HBC
1737,BowsCoin,BSC
1738,Prime-XI,PXI
1739,VectorAI,VEC2
1740,ARbit,ARB
1741,LiteCoin Ultra,LTCU
1742,Fujinto,NTO
1743,SongCoin,SONG
1744,Royal Kingdom...,RKC
1745,LiteBitcoin,LBTC
1746,PLNcoin,PLNC
1747,AnarchistsPrime,ACP
1748,Wild Beast Block,WBB
1749,Altcoin,ALT
1750,Alpha Coin,APC
1751,Bitvolt,VOLT
1752,GeertCoin,GEERT
1753,Dollar Online,DOLLAR
1754,Save and Gain,SANDG
1755,PlayerCoin,PLACO
1756,Allion,ALL
1757,Asiadigicoin,ADCN
1758,Magnum,MGM
1759,VapersCoin,VPRC
1760,BenjiRolls,BENJI
1761,Coimatic 2.0,CTIC2
1762,Project-X,NANOX
1763,Coimatic 3.0,CTIC3
1764,Coupecoin,COUPE
1765,CrevaCoin,CREVA
1766,PAXEX,PAXEX
1767,Jiyo [OLD],JIYO
1768,Luna Coin,LUNA
1769,JIYO,JIYOX
1770,SmartFox,FOX
1771,PRCoin,PRC
1772,Benz,BENZ
1773,Interzone,ITZ
1774,Argus,ARGUS
1775,POLY AI,AI
1776,CJs,CJS
1777,HarmonyCoin,HMC
1778,SHADE Token,SHADE
1779,YENTEN,YTN
1780,Bolenum,BLN
1781,CK USD,CKUSD
1782,ZB,ZB
1783,Grin,GRIN
1784,ABBC Coin,ABBC
1785,Beam,BEAM
1786,BUMO,BU
1787,KNOW,KNOW
1788,Filecoin [Fut...,FIL
1789,Davinci Coin,DAC
1790,Infinity Econ...,XIN
1791,PlayCoin [QRC20],PLY
1792,RSK Smart Bit...,RBTC
1793,USDCoin,USC
1794,MIR COIN,MIR
1795,Content Value...,CVNT
1796,e-Chat,ECHT
1797,GSENetwork,GSE
1798,BitMax Token,BTMX
1799,Lambda,LAMB
1800,Ether Zero,ETZ
1801,Atlas Protocol,ATP
1802,ONG,ONG
1803,DigiFinexToken,DFT
1804,EduCoin,EDU
1805,FuturoCoin,FTO
1806,Hyperion,HYN
1807,Game Stars,GST
1808,Volt,ACDC
1809,WinToken,WIN
1810,Fiii,FIII
1811,CARAT,CARAT
1812,ShineChain,SHE
1813,Molecular Future,MOF
1814,DIPNET,DPN
1815,SoPay,SOP
1816,Centauri,CTX
1817,Consentium,CSM
1818,Super Bitcoin,SBTC
1819,HitChain,HIT
1820,T.OS,TOSC
1821,OFCOIN,OF
1822,CoinEx Token,CET
1823,Baer Chain,BRC
1824,HedgeTrade,HEDG
1825,Karatgold Coin,KBC
1826,FairGame,FAIR
1827,Almeela,KZE
1828,Aidos Kuneen,ADK
1829,TopChain,TOPC
1830,FOIN,FOIN
1831,Lightning Bit...,LBTC
1832,RIF Token,RIF
1833,DACC,DACC
1834,LightChain,LIGHT
1835,StarChain,STC
1836,VeThor Token,VTHO
1837,WETH,WETH
1838,InsurChain,INSUR
1839,CariNet,CIT
1840,Yuan Chain Coin,YCC
1841,YouLive Coin,UC
1842,ADAMANT Messe...,ADM
1843,YOU COIN,YOU
1844,ETERNAL TOKEN,XET
1845,CoinMeet,MEET
1846,InvestDigital,IDT
1847,Intelligent I...,IIC
1848,United Bitcoin,UBTC
1849,Wiki Token,WIKI
1850,nOS,NOS
1851,UnlimitedIP,UIP
1852,Esports Token,EST
1853,M2O,M2O
1854,Hdac,HDAC
1855,Moving Cloud ...,MCC
1856,Usechain Token,USE
1857,PalletOne,PTN
1858,Observer,OBSR
1859,BlockCDN,BCDN
1860,Animation Vis...,AVH
1861,Ti-Value,TV
1862,Show,SHOW
1863,MyToken,MT
1864,Ubique Chain ...,UCT
1865,Exchange Union,XUC
1866,DWS,DWS
1867,WeToken,WT
1868,IPChain,IPC
1869,Influence Chain,INC
1870,Themis,GET
1871,Twinkle,TKT
1872,The Midas Tou...,TMTG
1873,CHEX,CHEX
1874,BitcoinX,BCX
1875,MSD,MSD
1876,SnapCoin,SNPC
1877,BitUP Token,BUT
1878,CENTERCOIN,CENT
1879,BitBall,BTB
1880,Blockchain Qu...,BQT
1881,International...,INCX
1882,Couchain,COU
1883,Globatalent,GBT
1884,Monero Classic,XMC
1885,VisionX,VNX
1886,ThingsOperati...,TOS
1887,Alchemint Sta...,SDS
1888,CryptalDash,CRD
1889,Experience Token,EXT
1890,CarBlock,CAR
1891,Promotion Coin,PC
1892,LemoChain,LEMO
1893,SEER,SEER
1894,SegWit2x,B2X
1895,FundToken,FUNDZ
1896,Iconiq Lab Token,ICNQ
1897,OceanChain,OC
1898,Spendcoin,SPND
1899,KEY,KEY
1900,Master Contra...,MCT
1901,VestChain,VEST
1902,Read,READ
1903,MESSE TOKEN,MESSE
1904,GazeCoin,GZE
1905,Countinghouse,CHT
1906,Pixie Coin,PXC
1907,DasCoin,DASC
1908,Dragon Coins,DRG
1909,VeriDocGlobal,VDG
1910,ProxyNode,PRX
1911,BeeKan,BKBT
1912,WXCOINS,WXC
1913,Bitcoin File,BIFI
1914,PressOne,PRS
1915,KingXChain,KXC
1916,OTCBTC Token,OTB
1917,INMAX,INX
1918,ClubCoin,CLUB
1919,Helper Search...,HSN
1920,vSportCoin,VSC
1921,Asura Coin,ASA
1922,CMITCOIN,CMIT
1923,Crowdvilla Point,CROWD
1924,StockChain,SCC
1925,WIZBL,WBL
1926,RRCoin,RRC
1927,COMSA [XEM],CMS
1928,Coni,CONI
1929,Stronghold Token,SHX
1930,Maggie,MAG
1931,Social Lendin...,SLT
1932,DarkPayCoin,DKPC
1933,Jingtum Tech,SWTC
1934,Kuai Token,KT
1935,Candy,CANDY
1936,Skychain,SKCH
1937,Ordocoin,RDC
1938,DEEX,DEEX
1939,MediBit,MEDIBIT
1940,Cobrabytes,COBRA
1941,Engine,EGCC
1942,eosBLACK,BLACK
1943,Globalvillage...,GVE
1944,COMSA [ETH],CMS
1945,TCOIN,TCN
1946,BingoCoin,BOC
1947,Crowdvilla Ow...,CRV
1948,Bulleon,BUL
1949,Pabyosi Coin ...,PCS
1950,Bankera,BNK
1951,Celsius,CEL
1952,Gamblica,GMBC
1953,Commerce Data...,CDC
1954,MEX,MEX
1955,Carlive Chain,IOV
1956,Future1coin,F1C
1957,ShopZcoin,SZC
1958,Livepeer,LPT
1959,Endorsit,EDS
1960,Plus-Coin,NPLC
1961,SIGMAcoin,SIGMA
1962,MEET.ONE,MEETONE
1963,Mooncoin,MOON
1964,ICOBay,IBT
1965,Content and A...,CAN
1966,SpectrumCash,XSM
1967,StrongHands M...,SHMN
1968,Budbo,BUBO
1969,Nuggets,NUG
1970,Qube,QUBE
1971,Traid,TRAID
1972,CARDbuyers,BCARD
1973,NewsToken,NEWOS
1974,Haracoin,HRC
1975,MoX,MOX
1976,Invictus Hype...,IHF
1977,Elliot Coin,ELLI
1978,EscrowCoin,ESCO
1979,President Trump,PRES
1980,President Joh...,GARY
1981,Rubex Money,RBMC
1982,BTC Lite,BTCL
1983,Alttex,ALTX
1984,OmenCoin,OMEN
1985,Atomic Wallet...,AWC
1986,MicroBitcoin,MBC
1987,NAM COIN,NAM
1988,EJOY,EJOY
1989,PayDay Coin,PDX
1990,MobilinkToken,MOLK
1991,Aencoin,AEN
1992,ORS Group,ORS
1993,Bitcoin God,GOD
1994,Incodium,INCO
1995,Atlantis Blue...,ABDT
1996,Winco,WCO
1997,Internet of T...,XOT
1998,Lendroid Supp...,LST
1999,PlusOneCoin,PLUS1
2000,SnipCoin,SNIP
2001,Hyper Pay,HPY
2002,Valuto,VLU
2003,TerraNova,TER
2004,EncryptoTel [...,ETT
2005,IDOL COIN,IDOL
2006,Infinitecoin,IFC
2007,ANON,ANON
2008,BetaCoin,BET
2009,Excaliburcoin,EXC
2010,Pecunio,PCO
2011,Coin2Play,C2P
2012,Centaure,CEN
2013,ContractNet,CNET
2014,Bastonet,BSN
2015,Monero Original,XMO
2016,Runners,RUNNERS
2017,BTCMoon,BTCM
2018,NEO GOLD,NEOG
2019,Cropcoin,CROP
2020,Golos Gold,GBG
2021,Superior Coin,SUP
2022,Hercules,HERC
2023,ERA,ERA
2024,XTRD,XTRD
2025,SaveNode,SNO
2026,Pandemia,PNDM
2027,Concierge Coin,CCC
2028,Cybereits,CRE
2029,Quotient,XQN
2030,Digital Asset...,DAXT
2031,Crypto Improv...,CIF
2032,Civitas,CIV
2033,Crypto Harbor...,CHE
2034,HondaisCoin,HNDC
2035,Fargocoin,FRGC
2036,RabbitCoin,RBBT
2037,CottonCoin,COTN
2038,YUKI,YUKI
2039,Mero,MERO
2040,Storjcoin X,SJCX
2041,Birds,BIRDS
2042,X12 Coin,X12
2043,Ultra Salescloud,UST
2044,Francs,FRN
2045,OBXcoin,OBX
2046,WINCOIN,WC
2047,First Bitcoin,BIT
2048,Agrolot,AGLT
2049,GOLD Reward T...,GRX
2050,AvatarCoin,AV
2051,GIGA,XG
2052,Infinipay,IFP
2053,EmberCoin,EMB
2054,PROUD Money,PROUD
2055,EPLUS Coin,EPLUS
2056,Labh Coin,LABH
2057,CommunityGene...,CGEN
2058,Bubble,BUB
2059,Axiom,AXIOM
2060,Aces,ACES
2061,Tellurion,TELL
2062,DynamicCoin,DMC
2063,BlazerCoin,BLAZR
2064,Halloween Coin,HALLO
2065,ZenGold,ZENGOLD
2066,Sphre AIR ,XID
2067,Minex,MINEX
2068,Wink,WINK
2069,iQuant,IQT
2070,Dutch Coin,DUTCH
2071,Ethereum Lite,ELITE
2072,Bitbase,BTBc
2073,PlexCoin,PLX
2074,GameChain System,GCS
2075,ValueChain,VLC
2076,ACChain,ACC
2077,SalPay,SAL
2078,FCoin Token,FT
2079,RECORD,RCD
2080,Rocket Pool,RPL
2081,wys Token,WYS
2082,CEDEX Coin,CEDEX
2083,Obitan Chain,OBTC
2084,Smart Applica...,SAC
2085,Hybrid Block,HYB
2086,SuperEdge,ECT
2087,Adenz,DNZ
2088,ABCC Token,AT
2089,XRT Token,XRT
2090,BFFDoom,BFF
2091,ALLCOIN,ALC
2092,EmaratCoin,AEC
2093,ZTCoin,ZT
2094,Dragon Token,DT
2095,CapdaxToken,XCD
2096,Delizia,DELIZ
2097,APOT,APOT
2098,Bgogo Token,BGG
2099,ILCoin,ILC
2100,ROMToken,ROM
2101,TOKOK,TOK
2102,DEXTER,DXR
2103,ALBOS,ALB
2104,Animecoin,ANI
2105,CoffeeCoin,CFC
2106,Alphabit,ABC
2107,TeslaCoilCoin,TESLA
2108,Sakuracoin,SKR
2109,Cubits,QBT
2110,First Bitcoin...,BITCF
2111,Magnetcoin,MAGN
2112,Wi Coin,WIC
2113,CORION,COR
2114,EA Coin,EAG
2115,CryptopiaFeeS...,CEFS
2116,MIRQ,MRQ
2117,TWIST,TWIST
